<?xml version='1.0' encoding='UTF-8'?>
<?artifactRepository version='1.1.0'?>
<repository name='file:/home/fernandoo/apps/AnypointStudio%205.0.0/workspace/redmine-connector/target/update-site/ - artifacts' type='org.eclipse.equinox.p2.artifact.repository.simpleRepository' version='1'>
  <properties size='2'>
    <property name='p2.timestamp' value='1427837153854'/>
    <property name='p2.compressed' value='false'/>
  </properties>
  <mappings size='3'>
    <rule filter='(&amp; (classifier=osgi.bundle))' output='${repoUrl}/plugins/${id}_${version}.jar'/>
    <rule filter='(&amp; (classifier=binary))' output='${repoUrl}/binary/${id}_${version}'/>
    <rule filter='(&amp; (classifier=org.eclipse.update.feature))' output='${repoUrl}/features/${id}_${version}.jar'/>
  </mappings>
  <artifacts size='2'>
    <artifact classifier='osgi.bundle' id='org.mule.tooling.ui.contribution.redmine.3.6.0' version='1.0.0.201503311824'>
      <properties size='3'>
        <property name='artifact.size' value='1146826'/>
        <property name='download.size' value='1146826'/>
        <property name='download.md5' value='ba0c1a1e522230a5e79e8b3faba70e27'/>
      </properties>
    </artifact>
    <artifact classifier='org.eclipse.update.feature' id='org.mule.tooling.ui.extension.redmine-connector.3.6.0' version='1.0.0.201503311824'>
      <properties size='4'>
        <property name='artifact.size' value='9860'/>
        <property name='download.size' value='9860'/>
        <property name='download.md5' value='a1f68b9389358c28356723813a3124fb'/>
        <property name='download.contentType' value='application/zip'/>
      </properties>
    </artifact>
  </artifacts>
</repository>
